Code;Description;Grouping
02A;Food not cooked to required minimum temperature.;Food Temperature
02B;Hot food item not held at or above 140√Ç¬∫ F.;Food Temperature
02C;Hot food item that has been cooked and refrigerated is being held for service without first being reheated to 1 65√Ç¬∫ F or above within 2 hours.;Food Temperature
02D;Precooked potentially hazardous food from commercial food processing establishment that is supposed to be heated, but is not heated to 140√Ç¬∫ F within 2 hours.;Food Temperature
02E;Whole frozen poultry or poultry breasts, other than a single portion, is being cooked frozen or partially thawed.;Food Temperature
02F;Meat, fish or molluscan shellfish served raw or undercooked without prior notification to customer.;Allergies/Safety
02G;Cold food item held above 41√Ç¬∫ F (smoked fish and reduced oxygen packaged foods above 38 √Ç¬∫F) except during necessary preparation.;Food Temperature
02H;Food not cooled by an approved method whereby the internal product temperature is reduced from 140√Ç¬∫ F to 70√Ç¬∫ F or less within 2 hours, and from 70√Ç¬∫ F to 41√Ç¬∫ F or less within 4 additional hours.;Food Temperature
02I;Food prepared from ingredients at ambient temperature not cooled to 41√Ç¬∫ F or below within 4 hours.;Food Temperature
02J;Reduced oxygen packaged (ROP) foods not cooled by an approved method whereby the internal food temperature is reduced to 38√Ç¬∫ F within two hours of cooking and if necessary further cooled to a temperature of 34√Ç¬∫ F within six hours of reaching 38√Ç¬∫ F.;Food Temperature
03A;"Food from unapproved or unknown source or home canned. Reduced oxygen packaged (ROP) fish not frozen before processing; or ROP foods prepared on premises transported to another site.";Certification
03B;"Shellfish not from approved source, improperly tagged/labeled; tags not retained for 90 days.";Certification
03C;"Eggs found dirty/cracked; liquid, frozen or powdered eggs not pasteurized.";Food Contamination
03D;Canned food product observed swollen, leaking or rusted, and not segregated from other consumable food items .;Food Contamination
03E;Potable water supply inadequate. Water or ice not potable or from unapproved source.  Cross connection in potable water supply system observed.;Certification
03F;Unpasteurized milk or milk product present.;Allergies/Safety
03G;Raw food not properly washed prior to serving.;Food Contamination
04A;Food Protection Certificate not held by supervisor of food operations.;Certification
04B;Food worker prepares food or handles utensil when ill with a disease transmissible by food, or have exposed infected cut or burn on hand.;Worker Cleanliness
04C;Food worker does not use proper utensil to eliminate bare hand contact with food that will not receive adequate additional heat treatment.;Worker Cleanliness
04D;Food worker does not wash hands thoroughly after using the toilet, coughing, sneezing, smoking, eating, preparing raw foods or otherwise contaminating hands.;Worker Cleanliness
04E;Toxic chemical improperly labeled, stored or used such that food contamination may occur.;Hazardous Chemicals
04F;Food, food preparation area, food storage area, area used by employees or patrons, contaminated by sewage or liquid waste.;Facility Cleanliness
04G;Unprotected potentially hazardous food re-served.;Hazardous Chemicals
04H;Raw, cooked or prepared food is adulterated, contaminated, cross-contaminated, or not discarded in accordance with HACCP plan.;Food Contamination
04I;Unprotected food re-served.;Food Contamination
04J;Appropriately scaled metal stem-type thermometer or thermocouple not provided or used to evaluate temperatures of potentially hazardous foods during cooking, cooling, reheating and holding.;Allergies/Safety
04K;Evidence of rats or live rats present in facility's food and/or non-food areas.;Animals
04L;Evidence of mice or live mice present in facility's food and/or non-food areas.;Animals
04M;Live roaches present in facility's food and/or non-food areas.;Animals
04N;Filth flies or food/refuse/sewage-associated (FRSA) flies present in facilitys food and/or non-food areas. Filth flies include house flies, little house flies, blow flies, bottle flies and flesh flies. Food/refuse/sewage-associated flies include fruit flies, drain flies and Phorid flies.;Animals
04O;Live animals other than fish in tank or service animal present in facility's food and/or non-food areas.;Animals
05A;Sewage disposal system improper or unapproved.;Facility Cleanliness
05B;Harmful, noxious gas or vapor detected. CO ~1 3 ppm.;Hazardous Chemicals
05C;Food contact surface improperly constructed or located. Unacceptable material used.;Facility Amenities
05D;Hand washing facility not provided in or near food preparation area and toilet room. Hot and cold running water at adequate pressure to enable cleanliness of employees not provided at facility. Soap and an acceptable hand-drying device not provided.;Facility Amenities
05E;Toilet facility not provided for employees or for patrons when required.;Facility Amenities
05F;Insufficient or no refrigerated or hot holding equipment to keep potentially hazardous foods at required temperatures.;Facility Amenities
05H;No facilities available to wash, rinse and sanitize utensils and/or equipment.;Facility Amenities
05I;Refrigeration used to implement HACCP plan not equipped with an electronic system that continuously monitors time and temperature.;Allergies/Safety
06A;Personal cleanliness inadequate. Outer garment soiled with possible contaminant.  Effective hair restraint not worn in an area where food is prepared.;Worker Cleanliness
06B;Tobacco use, eating, or drinking from open container in food preparation, food storage or dishwashing area observed.;Tobacco
06C;Food not protected from potential source of contamination during storage, preparation, transportation, display or service.;Food Contamination
06D;Food contact surface not properly washed, rinsed and sanitized after each use and following any activity when contamination may have occurred.;Food Contamination
06E;Sanitized equipment or utensil, including in-use food dispensing utensil, improperly used or stored.;Facility Cleanliness
06F;Wiping cloths soiled or not stored in sanitizing solution.;Facility Cleanliness
06G;HACCP plan not approved or approved HACCP plan not maintained on premises.;Documentation
06H;Records and logs not maintained to demonstrate that HACCP plan has been properly implemented.;Documentation
06I;Food not labeled in accordance with HACCP plan.;Documentation
07A;Duties of an officer of the Department interfered with or obstructed.;Other
08A;Facility not vermin proof. Harborage or conditions conducive to attracting vermin to the premises and/or allowing vermin to exist.;Facility Cleanliness
08B;"Covered garbage receptacle not provided or inadequate, except that garbage receptacle may be uncovered during active use. Garbage storage area not properly constructed or maintained; grinder or compactor dirty.";Facility Cleanliness
08C;Pesticide use not in accordance with label or applicable laws. Prohibited chemical used/stored. Open bait station used.;Hazardous Chemicals
09A;Canned food product observed dented and not segregated from other consumable food items.;Food Contamination
09B;Thawing procedures improper.;Other
09C;Food contact surface not properly maintained.;Facility Cleanliness
10A;Toilet facility not maintained and provided with toilet paper, waste receptacle and self-closing door.;Facility Amenities
10B;"Plumbing not properly installed or maintained; anti-siphonage or backflow prevention device not provided where required; equipment or floor not properly drained; sewage disposal system in disrepair or not functioning properly.";Facility Amenities
10C;"Lighting inadequate; permanent lighting not provided in food preparation areas, ware washing areas, and storage rooms.";Facility Amenities
10D;Mechanical or natural ventilation system not provided, improperly installed, in disrepair and/or fails to prevent excessive build-up of grease, heat, steam condensation vapors, odors, smoke, and fumes.;Facility Amenities
10E;Accurate thermometer not provided in refrigerated or hot holding equipment.;Facility Amenities
10F;Non-food contact surface improperly constructed. Unacceptable material used. Non-food contact surface or equipment improperly maintained and/or not properly sealed, raised, spaced or movable to allow accessibility for cleaning on all sides, above and underneath the unit.;Facility Amenities
10G;Food service operation occurring in room used as living or sleeping quarters.;Facility Amenities
10H;Proper sanitization not provided for utensil ware washing operation.;Facility Cleanliness
10I;"Single service item reused, improperly stored, dispensed; not used when required.";Facility Cleanliness
10J;''''Wash hands sign not posted at hand wash facility.;Other
15E;"Single service item reused, improperly stored, dispensed; not used when required.";Facility Cleanliness
15H;Sign prohibiting sale of tobacco products to minors not conspicuously posted.;Tobacco
15I;''''No Smoking and/or 'Smoking Permitted sign not conspicuously posted. Health warning not present on 'Smoking Permitted;Tobacco
15J;Ashtray present in smoke-free area.;Tobacco
15K;Operator failed to make good faith effort to inform smokers of the Smoke-free Act prohibition of smoking.;Tobacco
15L;Smoke free workplace smoking policy inadequate, not posted, not provided to employees.;Tobacco
15S;Flavored tobacco products sold or offered for sale.;Tobacco
15T;Original label for tobacco products sold or offered for sale.;Tobacco
16A;A food containing artificial trans fat, with 0.5 grams or more of trans fat per serving, is being stored, distributed, held for service, used in preparation of a menu item, or served.;Other
16B;The original nutritional fact labels and/or ingredient label for a cooking oil, shortening or margarine or food item sold in bulk, or acceptable manufacturers documentation not maintained on site.;Documentation
16C;Caloric content not posted on menus, menu boards or food tags, in a food service establishment that is 1 of 15 or more outlets operating the same type of business nationally under common ownership or control, or as a franchise or doing business under the same name, for each menu item that is served in portions, the size and content of which are standardized.;Documentation
16D;Posted caloric content on the menu(s), menu board(s), food tag(s) or stanchions adjacent to menu boards for drive-through windows deficient, in that the size and/or font for posted calories is not as prominent as the name of the menu item or its price.;Documentation
16E;Caloric content range (minimum to maximum) not posted on menus and or menu boards for each flavor, variety and size of each menu item that is offered for sale in different flavors, varieties and sizes.;Documentation
16F;Specific caloric content or range thereof not posted on menus, menu boards or food tags for each menu item offered as a combination meal with multiple options that are listed as single items.;Documentation
18B;Document issued by the Board of Health, Commissioner or Department unlawfully reproduced or altered.;Documentation
18C;Notice of the Department of Board of Health mutilated, obstructed, or removed.;Certification
18D;Failure to comply with an Order of the Board of Health, Commissioner, or Department.;Certification
18F;Permit not conspicuously displayed.;Certification
20A;Food allergy information poster not conspicuously posted where food is being prepared or processed by food workers.;Allergies/Safety
20B;Food allergy information poster not posted in language understood by all food workers.;Allergies/Safety
20D;Choking first aid poster not posted. Alcohol and pregnancy warning sign not posted. Resuscitation equipment: exhaled air resuscitation masks (adult & pediatric), latex gloves, sign not posted. Inspection report sign not posted.;Allergies/Safety
20E;Letter Grade or Grade Pending card not conspicuously posted and visible to passersby.;Documentation
20F;Current letter grade card not posted.;Documentation
22A;Nuisance created or allowed to exist. Facility not free from unsafe, hazardous, offensive or annoying conditions.;Facility Amenities
22B;Toilet facility used by women does not have at least one covered garbage receptacle.;Facility Amenities
22C;Bulb not shielded or shatterproof, in areas where there is extreme heat, temperature changes, or where accidental contact may occur.;Facility Amenities
22E;ROP processing equipment not approved by DOHMH.;Certification